id,name,results.louvain.group,results.louvain.groupSize
Napoleon,Napoleon,0,8
Myriel,Myriel,0,8
MlleBaptistine,Mlle Baptistine,1,20
MmeMagloire,Mme Magloire,1,20
CountessDeLo,Countess de Lo,0,8
Geborand,Geborand,0,8
Champtercier,Champtercier,0,8
Cravatte,Cravatte,0,8
Count,Count,0,8
OldMan,Old Man,0,8
Valjean,Valjean,1,20
Labarre,Labarre,1,20
Marguerite,Marguerite,1,20
MmeDeR,Mme de R,1,20
Isabeau,Isabeau,1,20
Gervais,Gervais,1,20
Listolier,Listolier,2,10
Tholomyes,Tholomyes,2,10
Fameuil,Fameuil,2,10
Blacheville,Blacheville,2,10
Favourite,Favourite,2,10
Dahlia,Dahlia,2,10
Zephine,Zephine,2,10
Fantine,Fantine,2,10
MmeThenardier,Mme Thenardier,3,11
Thenardier,Thenardier,3,11
Cosette,Cosette,4,11
Javert,Javert,3,11
Fauchelevent,Fauchelevent,1,20
Bamatabois,Bamatabois,1,20
Perpetue,Perpetue,2,10
Simplice,Simplice,2,10
Scaufflaire,Scaufflaire,1,20
Woman1,Woman 1,1,20
Judge,Judge,1,20
Champmathieu,Champmathieu,1,20
Brevet,Brevet,1,20
Chenildieu,Chenildieu,1,20
Cochepaille,Cochepaille,1,20
Pontmercy,Pontmercy,4,11
Boulatruelle,Boulatruelle,3,11
Eponine,Eponine,3,11
Anzelma,Anzelma,3,11
Woman2,Woman 2,1,20
MotherInnocent,Mother Innocent,1,20
Gribier,Gribier,1,20
MmeBurgon,Mme Burgon,5,17
Jondrette,Jondrette,5,17
Gavroche,Gavroche,5,17
Gillenormand,Gillenormand,4,11
Magnon,Magnon,4,11
MlleGillenormand,Mlle Gillenormand,4,11
MmePontmercy,Mme Pontmercy,4,11
MlleVaubois,Mlle Vaubois,4,11
LtGillenormand,Lt Gillenormand,4,11
Marius,Marius,4,11
BaronessT,Baroness T,4,11
Mabeuf,Mabeuf,5,17
Enjolras,Enjolras,5,17
Combeferre,Combeferre,5,17
Prouvaire,Prouvaire,5,17
Feuilly,Feuilly,5,17
Courfeyrac,Courfeyrac,5,17
Bahorel,Bahorel,5,17
Bossuet,Bossuet,5,17
Joly,Joly,5,17
Grantaire,Grantaire,5,17
MotherPlutarch,Mother Plutarch,5,17
Gueulemer,Gueulemer,3,11
Babet,Babet,3,11
Claquesous,Claquesous,3,11
Montparnasse,Montparnasse,3,11
Toussaint,Toussaint,4,11
Child1,Child 1,5,17
Child2,Child 2,5,17
Brujon,Brujon,3,11
MmeHucheloup,Mme Hucheloup,5,17
