source,target,weight
Ava,Ben,3
Ava,Chloe,5
Ava,Dev,2
Ben,Chloe,4
Ben,Eli,1
Chloe,Dev,3
Chloe,Farah,2
Dev,Eli,4
Dev,Gus,1
Eli,Farah,3
Farah,Gus,5
Farah,Hana,2
Gus,Hana,4
Gus,Ivan,1
Hana,Ivan,3
Hana,Jada,2
Ivan,Jada,5
Ivan,Kofi,2
Jada,Kofi,4
Jada,Lena,1
Kofi,Lena,3
Kofi,Milo,2
Lena,Milo,5
Lena,Nora,1
Milo,Nora,4
Milo,Omar,2
Nora,Omar,3
Nora,Pia,1
Omar,Pia,4
Omar,Quinn,2
Pia,Quinn,5
Pia,Ravi,3
Quinn,Ravi,2
Quinn,Sana,1
Ravi,Sana,4
Ravi,Theo,2
Sana,Theo,3
Sana,Ava,1
Theo,Ben,2
Theo,Ava,1
Ivan,Ava,1
